3DpYABGXKbHP2JG9k34aSoQMMp1yBF2uZx,635822
3LyJEQP7FXAQcP2SXaxTmbhxxjb2vZv5m3,635826
39Yn9yYBUp5mGtkQWYnbfkkQPPfknU3jgF,635818
3HhbjdyGKcvtRFqBG7Em3PuY2RPhCnjkti,635818
3PiF4n2nzB6CBADxzkzHZt4r36yhXrhajj,635826
3EE6BsgQJFQhyxZvaCDvzowhpqoTDhN5pQ,635818
3AGVLogfie9tCQxrmsPatMpQrqRg7tKdUG,635818
3B7MexPLmWwwuCuGx7m4rsSSbac3387HtZ,635819
36LHCQhSVykJineSwRXA3VN2XEuMhn4PUj,635818
31sNgdbE2KAGjLnZKW6rPeMQeTqCfaVy41,636246
3Qyu2i2YkgxwCqDnLBxoMfvtNAhYq6rDMB,635842
34qetqzSrMUswMANYxAFxMjw7ka5rgp3J9,635949
3QDjZfwvHgwzz8boHn8ZNTcmPVfKcCEGBh,635850
35cFmL8ZM5zAvsFhjQ2ucj8tv9xEVpurqc,636326
3KRnpeQ7doR6yFJJjvfJshBmJ26YMDfRQD,636007
355MbPkHrS5peaLDm6mHDzfDmFUFnezM6k,636031
